{"cameraMode":{"drawMode":0,"name":"Shaded","section":"Shading Mode"},"sceneLighting":true,"audioPlay":false,"sceneViewState":{"m_AlwaysRefresh":false,"showFog":true,"showSkybox":true,"showFlares":true,"showImageEffects":true,"showParticleSystems":true,"showVisualEffectGraphs":true,"m_FxEnabled":true},"in2DMode":false,"pivot":{"x":4.611460208892822,"y":-7.7819905281066898,"z":-5.487497806549072},"rotation":{"x":0.39966174960136416,"y":0.06681836396455765,"z":-0.029226167127490045,"w":0.913763165473938},"size":15.435291290283204,"orthographic":false}